,hour,charge/discharge
0,0.0,-0.0
1,0.5,0.0
2,1.0,0.0
3,1.5,0.0
4,2.0,-0.0
5,2.5,0.0
6,3.0,-0.0
7,3.5,-0.0
8,4.0,-0.0
9,4.5,0.0
10,5.0,-0.0
11,5.5,0.0
12,6.0,-0.0
13,6.5,0.0
14,7.0,-0.05
15,7.5,-0.143
16,8.0,-0.2
17,8.5,-0.303
18,9.0,-0.351
19,9.5,0.5235
20,10.0,-0.35
21,10.5,0.43674999999999997
22,11.0,-0.536
23,11.5,-0.2
24,12.0,-0.443
25,12.5,0.6
26,13.0,0.5
27,13.5,0.2578750000000001
28,14.0,0.12893750000000004
29,14.5,-0.357
30,15.0,-0.287
31,15.5,0.38646875
32,16.0,-0.145
33,16.5,0.265734375
34,17.0,0.1328671875
35,17.5,-0.0
36,18.0,0.06643359375
37,18.5,-0.0
38,19.0,0.033216796875
39,19.5,0.0166083984375
40,20.0,0.00830419921875
41,20.5,-0.0
42,21.0,-0.0
43,21.5,0.004152099609375
44,22.0,0.0020760498046875
45,22.5,0.00103802490234375
46,23.0,0.000519012451171875
47,23.5,0.0002595062255859375
48,24.0,0.00012975311279296876
49,24.5,-0.0
50,25.0,-0.0
51,25.5,-0.0
52,26.0,-0.0
53,26.5,-0.0
54,27.0,-0.0
55,27.5,6.487655639648438e-05
56,28.0,-0.0
57,28.5,-0.0
58,29.0,3.243827819824219e-05
59,29.5,1.6219139099121095e-05
60,30.0,8.109569549560548e-06
61,30.5,-0.0
62,31.0,4.054784774780274e-06
63,31.5,2.027392387390137e-06
64,32.0,1.0136961936950684e-06
65,32.5,5.068480968475342e-07
66,33.0,-0.822
67,33.5,-0.5
68,34.0,-0.2
69,34.5,0.4
70,35.0,0.0
71,35.5,0.5610002534240484
72,36.0,-1.5
73,36.5,-1.5
74,37.0,-0.7
75,37.5,-1.456
76,38.0,-0.8
77,38.5,-1.199
78,39.0,-0.6
79,39.5,1.2
80,40.0,1.5
81,40.5,-0.2
82,41.0,-0.182
83,41.5,-0.021
84,42.0,-0.0
85,42.5,-0.0
86,43.0,1.0
87,43.5,1.5
88,44.0,0.8
89,44.5,1.2015000000000002
90,45.0,-0.0
91,45.5,-0.0
92,46.0,0.2
93,46.5,-0.0
94,47.0,-0.0
95,47.5,-0.0
96,48.0,-0.0
97,48.5,-0.0
98,49.0,0.5
99,49.5,0.25075000000000014
100,50.0,-0.0
101,50.5,-0.0
102,51.0,-0.0
103,51.5,0.12537500000000007
104,52.0,-0.0
105,52.5,-0.0
106,53.0,0.06268750000000003
107,53.5,0.03134375000000002
108,54.0,-0.0
109,54.5,-0.0
110,55.0,-0.135
111,55.5,0.083171875
112,56.0,0.0415859375
113,56.5,-0.813
114,57.0,-1.0
115,57.5,0.1
116,58.0,-0.9
117,58.5,-0.7
118,59.0,-1.477
119,59.5,1.5
120,60.0,-1.5
121,60.5,1.5
122,61.0,0.5
123,61.5,1.4
124,62.0,0.4
125,62.5,-1.193
126,63.0,0.4
127,63.5,0.9122929687500001
128,64.0,0.45614648437500005
129,64.5,0.22807324218750002
130,65.0,0.11403662109375001
131,65.5,-0.0
132,66.0,0.057018310546875006
133,66.5,-0.0
134,67.0,-0.0
135,67.5,-0.0
136,68.0,0.028509155273437503
137,68.5,-0.0
138,69.0,-0.0
139,69.5,0.014254577636718752
140,70.0,-0.0
141,70.5,-0.0
142,71.0,-0.0
143,71.5,0.007127288818359376
144,72.0,0.003563644409179688
145,72.5,0.001781822204589844
146,73.0,0.000890911102294922
147,73.5,-0.0
148,74.0,-0.0
149,74.5,-0.0
150,75.0,0.000445455551147461
151,75.5,0.0002227277755737305
152,76.0,0.00011136388778686525
153,76.5,-0.0
154,77.0,5.568194389343262e-05
155,77.5,-0.0
156,78.0,-0.0
157,78.5,-0.0
158,79.0,-0.063
159,79.5,0.03152784097194672
160,80.0,-0.544
161,80.5,-0.6
162,81.0,0.5877639204859734
163,81.5,0.2938819602429867
164,82.0,-1.233
165,82.5,0.7634409801214934
166,83.0,0.3817204900607467
167,83.5,-0.4
168,84.0,-1.257
169,84.5,1.0193602450303734
170,85.0,-1.352
171,85.5,-1.154
172,86.0,-1.136
173,86.5,-0.6
174,87.0,-0.842
175,87.5,-0.5
176,88.0,1.5
177,88.5,1.2
178,89.0,-0.104
179,89.5,-0.022
180,90.0,-0.0
181,90.5,1.5
182,91.0,0.4
183,91.5,-0.0
184,92.0,-0.0
185,92.5,0.9
186,93.0,-0.0
187,93.5,0.6146801225151863
188,94.0,0.30734006125759317
189,94.5,-0.0
190,95.0,-0.0
191,95.5,0.15367003062879658
192,96.0,-0.0
193,96.5,-0.0
194,97.0,-0.0
195,97.5,-0.0
196,98.0,0.07683501531439829
197,98.5,-0.0
198,99.0,-0.0
199,99.5,-0.0
200,100.0,0.038417507657199146
201,100.5,-0.0
202,101.0,0.019208753828599573
203,101.5,0.009604376914299786
204,102.0,-0.0
205,102.5,0.004802188457149893
206,103.0,0.0024010942285749466
207,103.5,0.0012005471142874733
208,104.0,-0.088
209,104.5,-0.351
210,105.0,0.22010027355714373
211,105.5,0.11005013677857187
212,106.0,-0.133
213,106.5,0.12152506838928594
214,107.0,-0.252
215,107.5,0.18676253419464298
216,108.0,0.09338126709732149
217,108.5,-0.074
218,109.0,-0.299
219,109.5,0.23319063354866074
220,110.0,0.11659531677433037
221,110.5,-0.094
222,111.0,-0.026
223,111.5,-0.097
224,112.0,0.16679765838716518
225,112.5,-0.0
226,113.0,-0.0
227,113.5,0.08339882919358259
228,114.0,-0.0
229,114.5,0.041699414596791294
230,115.0,0.020849707298395647
231,115.5,0.010424853649197824
232,116.0,-0.0
233,116.5,0.005212426824598912
234,117.0,0.002606213412299456
235,117.5,0.001303106706149728
236,118.0,-0.0
237,118.5,0.000651553353074864
238,119.0,-0.0
239,119.5,0.000325776676537432
240,120.0,0.000162888338268716
241,120.5,8.1444169134358e-05
242,121.0,-0.0
243,121.5,-0.0
244,122.0,-0.0
245,122.5,-0.0
246,123.0,-0.0
247,123.5,-0.0
248,124.0,4.0722084567179e-05
249,124.5,-0.0
250,125.0,-0.0
251,125.5,-0.0
252,126.0,2.03610422835895e-05
253,126.5,1.018052114179475e-05
254,127.0,5.090260570897375e-06
255,127.5,2.5451302854486874e-06
256,128.0,-0.677
257,128.5,-0.902
258,129.0,0.7895012725651427
259,129.5,0.2
260,130.0,0.29475063628257137
261,130.5,0.14737531814128568
262,131.0,-0.8
263,131.5,0.47368765907064286
264,132.0,-0.3
265,132.5,-0.4
266,133.0,-0.4
267,133.5,-0.3
268,134.0,0.8
269,134.5,0.5368438295353215
270,135.0,-0.5
271,135.5,0.5184219147676608
272,136.0,0.2592109573838304
273,136.5,-0.445
274,137.0,-0.209
275,137.5,0.4566054786919152
276,138.0,-0.0
277,138.5,-0.0
278,139.0,0.2283027393459576
279,139.5,-0.0
280,140.0,0.1141513696729788
281,140.5,0.0570756848364894
282,141.0,-0.0
283,141.5,-0.0
284,142.0,-0.0
285,142.5,-0.0
286,143.0,-0.0
287,143.5,-0.0
288,144.0,0.0285378424182447
289,144.5,0.01426892120912235
290,145.0,-0.0
291,145.5,-0.0
292,146.0,-0.0
293,146.5,0.007134460604561175
294,147.0,0.0035672303022805875
295,147.5,-0.0
296,148.0,0.0017836151511402938
297,148.5,0.0008918075755701469
298,149.0,-0.0
299,149.5,-0.0
300,150.0,-0.0
301,150.5,0.00044590378778507344
302,151.0,-0.051
303,151.5,-0.147
304,152.0,0.09922295189389253
305,152.5,-0.2
306,153.0,-0.883
307,153.5,0.5911114759469462
308,154.0,-1.284
309,154.5,0.9375557379734731
310,155.0,-0.1
311,155.5,0.5187778689867366
312,156.0,-0.434
313,156.5,0.4763889344933683
314,157.0,-0.484
315,157.5,-1.5
316,158.0,0.6
317,158.5,0.930194467246684
318,159.0,-0.2
319,159.5,0.565097233623342
320,160.0,0.282548616811671
321,160.5,-0.258
322,161.0,-0.1
323,161.5,-0.016
324,162.0,-0.0
325,162.5,0.3282743084058355
326,163.0,0.16413715420291775
327,163.5,0.08206857710145887
328,164.0,-0.0
329,164.5,0.041034288550729436
330,165.0,-0.0
331,165.5,-0.0
332,166.0,-0.0
333,166.5,-0.0
334,167.0,0.020517144275364718
335,167.5,0.010258572137682359
336,168.0,0.0051292860688411795
337,168.5,-0.0
338,169.0,0.0025646430344205898
339,169.5,-0.0
340,170.0,0.0012823215172102949
341,170.5,-0.0
342,171.0,-0.0
343,171.5,-0.0
344,172.0,-0.0
345,172.5,0.0006411607586051474
346,173.0,0.0003205803793025737
347,173.5,-0.0
348,174.0,0.00016029018965128686
349,174.5,8.014509482564343e-05
350,175.0,-0.112
351,175.5,-0.092
352,176.0,-0.522
353,176.5,-0.688
354,177.0,0.7070400725474129
355,177.5,0.35352003627370643
356,178.0,0.17676001813685321
357,178.5,0.08838000906842661
358,179.0,-0.7
359,179.5,-1.114
360,180.0,0.9511900045342133
361,180.5,-0.2
362,181.0,-1.4
363,181.5,-0.5
364,182.0,0.9
365,182.5,-0.2
366,183.0,-0.104
367,183.5,1.2275950022671067
368,184.0,0.6137975011335534
369,184.5,-0.0
370,185.0,-0.0
371,185.5,0.3068987505667767
372,186.0,0.15344937528338834
373,186.5,0.07672468764169417
374,187.0,-0.0
375,187.5,-0.0
376,188.0,0.038362343820847085
377,188.5,0.019181171910423542
378,189.0,-0.0
379,189.5,0.009590585955211771
380,190.0,0.004795292977605886
381,190.5,-0.0
382,191.0,-0.0
383,191.5,-0.0
384,192.0,-0.0
385,192.5,-0.0
386,193.0,0.002397646488802943
387,193.5,0.0011988232444014714
388,194.0,-0.0
389,194.5,-0.0
390,195.0,0.0005994116222007357
391,195.5,-0.0
392,196.0,-0.0
393,196.5,0.00029970581110036785
394,197.0,0.00014985290555018393
395,197.5,-0.0
396,198.0,-0.0
397,198.5,-0.0
398,199.0,-0.076
399,199.5,0.03807492645277509
400,200.0,0.019037463226387545
401,200.5,-0.344
402,201.0,-0.549
403,201.5,-0.501
404,202.0,0.4
405,202.5,-0.646
406,203.0,-0.1
407,203.5,0.3
408,204.0,-0.3
409,204.5,0.6
410,205.0,-1.01
411,205.5,-0.1
412,206.0,1.1345187316131937
413,206.5,-0.862
414,207.0,-0.981
415,207.5,-0.662
416,208.0,1.0
417,208.5,1.3197593658065967
418,209.0,0.5
419,209.5,-0.0
420,210.0,-0.0
421,210.5,0.40987968290329835
422,211.0,-0.0
423,211.5,0.0
424,212.0,-0.0
425,212.5,-0.0
426,213.0,-0.0
427,213.5,0.20493984145164917
428,214.0,-0.0
429,214.5,0.10246992072582459
430,215.0,-0.0
431,215.5,0.051234960362912293
432,216.0,-0.0
433,216.5,0.025617480181456147
434,217.0,-0.0
435,217.5,0.012808740090728073
436,218.0,-0.0
437,218.5,0.006404370045364037
438,219.0,-0.0
439,219.5,-0.0
440,220.0,-0.0
441,220.5,0.0032021850226820183
442,221.0,-0.0
443,221.5,0.0016010925113410092
444,222.0,-0.0
445,222.5,0.0008005462556705046
446,223.0,-0.015
447,223.5,0.007900273127835252
448,224.0,-0.13
449,224.5,-0.255
450,225.0,-0.2
451,225.5,0.2964501365639176
452,226.0,-1.287
453,226.5,0.7917250682819588
454,227.0,-0.3
455,227.5,0.5458625341409794
456,228.0,-0.901
457,228.5,-0.4
458,229.0,-0.5
459,229.5,-0.655
460,230.0,1.5
461,230.5,-0.469
462,231.0,-0.453
463,231.5,-0.2
464,232.0,0.2
465,232.5,0.0
466,233.0,-0.067
467,233.5,-0.007
468,234.0,-0.0
469,234.5,-0.0
470,235.0,-0.0
471,235.5,0.7
472,236.0,-0.0
473,236.5,0.8989312670704898
474,237.0,0.4494656335352449
475,237.5,-0.0
476,238.0,-0.0
477,238.5,-0.0
478,239.0,-0.0
479,239.5,0.22473281676762244
480,240.0,0.11236640838381122
481,240.5,0.05618320419190561
482,241.0,0.028091602095952805
483,241.5,-0.0
484,242.0,-0.0
485,242.5,-0.0
486,243.0,-0.0
487,243.5,0.014045801047976402
488,244.0,-0.0
489,244.5,0.007022900523988201
490,245.0,0.0035114502619941006
491,245.5,0.0017557251309970503
492,246.0,-0.0
493,246.5,-0.0
494,247.0,-0.0
495,247.5,-0.017
496,248.0,-0.062
497,248.5,0.040377862565498523
498,249.0,-0.131
499,249.5,0.08568893128274926
500,250.0,-0.126
501,250.5,0.10584446564137463
502,251.0,0.052922232820687316
503,251.5,0.026461116410343658
504,252.0,-0.191
505,252.5,0.10873055820517183
506,253.0,-0.192
507,253.5,0.1503652791025859
508,254.0,-0.102
509,254.5,0.12618263955129294
510,255.0,-0.088
511,255.5,-0.101
512,256.0,-0.088
513,256.5,-0.092
514,257.0,0.24759131977564647
515,257.5,0.12379565988782323
516,258.0,0.06189782994391162
517,258.5,0.03094891497195581
518,259.0,-0.0
519,259.5,-0.0
520,260.0,0.015474457485977904
521,260.5,0.007737228742988952
522,261.0,0.003868614371494476
523,261.5,0.001934307185747238
524,262.0,0.000967153592873619
525,262.5,-0.0
526,263.0,0.0004835767964368095
527,263.5,-0.0
528,264.0,-0.0
529,264.5,-0.0
530,265.0,0.00024178839821840475
531,265.5,0.00012089419910920238
532,266.0,6.044709955460119e-05
533,266.5,3.0223549777300594e-05
534,267.0,1.5111774888650297e-05
535,267.5,7.5558874443251486e-06
536,268.0,-0.0
537,268.5,3.7779437221625743e-06
538,269.0,-0.0
539,269.5,-0.0
540,270.0,1.8889718610812871e-06
541,270.5,-0.011
542,271.0,0.00550094448593054
543,271.5,-0.105
544,272.0,-0.264
545,272.5,-0.48
546,273.0,0.42725047224296525
547,273.5,-0.2
548,274.0,-0.805
549,274.5,-1.205
550,275.0,0.7
551,275.5,0.5
552,276.0,-1.383
553,276.5,-0.3
554,277.0,1.3
555,277.5,-0.719
556,278.0,-0.7
557,278.5,0.5
558,279.0,-0.563
559,279.5,-0.672
560,280.0,-0.611
561,280.5,1.5
562,281.0,1.2
563,281.5,0.5
564,282.0,0.1
565,282.5,0.6426252361214825
566,283.0,0.32131261806074124
567,283.5,-0.0
568,284.0,-0.0
569,284.5,-0.0
570,285.0,0.16065630903037062
571,285.5,-0.0
572,286.0,-0.0
573,286.5,-0.0
574,287.0,0.08032815451518531
575,287.5,-0.0
576,288.0,0.040164077257592655
577,288.5,0.020082038628796327
578,289.0,0.010041019314398164
579,289.5,0.005020509657199082
580,290.0,-0.0
581,290.5,-0.0
582,291.0,-0.0
583,291.5,-0.0
584,292.0,0.002510254828599541
585,292.5,-0.0
586,293.0,-0.0
587,293.5,0.0012551274142997705
588,294.0,0.0006275637071498852
589,294.5,-0.008
590,295.0,-0.192
591,295.5,-0.381
592,296.0,-0.3
593,296.5,-0.7
594,297.0,0.5
595,297.5,0.540813781853575
596,298.0,-0.1
597,298.5,-0.3
598,299.0,0.47040689092678745
599,299.5,0.23520344546339372
600,300.0,-1.0
601,300.5,0.6176017227316969
602,301.0,0.30880086136584844
603,301.5,0.15440043068292422
604,302.0,-1.347
605,302.5,0.7507002153414621
606,303.0,-1.093
607,303.5,-0.907
608,304.0,0.7
609,304.5,-0.458
610,305.0,1.254350107670731
611,305.5,-0.068
612,306.0,-0.0
613,306.5,-0.0
614,307.0,0.0
615,307.5,-0.0
616,308.0,0.6611750538353656
617,308.5,-0.0
618,309.0,-0.0
619,309.5,-0.0
620,310.0,0.3305875269176828
621,310.5,0.1652937634588414
622,311.0,0.0826468817294207
623,311.5,0.04132344086471035
624,312.0,0.020661720432355174
625,312.5,-0.0
626,313.0,0.010330860216177587
627,313.5,0.0051654301080887935
628,314.0,-0.0
629,314.5,0.0025827150540443967
630,315.0,-0.0
631,315.5,-0.0
632,316.0,-0.0
633,316.5,0.0012913575270221984
634,317.0,0.0006456787635110992
635,317.5,-0.0
636,318.0,-0.0
637,318.5,-0.049
638,319.0,0.02482283938175555
639,319.5,-0.436
640,320.0,-0.65
641,320.5,-0.835
642,321.0,0.9729114196908778
643,321.5,-1.189
644,322.0,-1.301
645,322.5,-1.387
646,323.0,-0.6
647,323.5,-1.0
648,324.0,-0.6
649,324.5,-1.5
650,325.0,-1.478
651,325.5,0.0
652,326.0,-1.338
653,326.5,0.5
654,327.0,-0.7
655,327.5,-0.865
656,328.0,-0.657
657,328.5,1.3
658,329.0,1.5
659,329.5,-0.055
660,330.0,-0.0
661,330.5,-0.0
662,331.0,1.5
663,331.5,0.1
664,332.0,1.5
665,332.5,-0.0
666,333.0,1.0775
667,333.5,0.53875
668,334.0,-0.0
669,334.5,0.269375
670,335.0,0.1346875
671,335.5,0.06734375
672,336.0,-0.0
673,336.5,0.033671875
674,337.0,-0.0
675,337.5,-0.0
676,338.0,0.0168359375
677,338.5,0.00841796875
678,339.0,-0.0
679,339.5,-0.0
680,340.0,-0.0
681,340.5,-0.0
682,341.0,-0.0
683,341.5,0.0
684,342.0,0.004208984375
685,342.5,-0.016
686,343.0,-0.0
687,343.5,-0.127
688,344.0,0.0736044921875
689,344.5,0.03680224609375
690,345.0,0.018401123046875
691,345.5,-0.596
692,346.0,0.1
693,346.5,-0.705
694,347.0,-0.913
695,347.5,1.0662005615234373
696,348.0,-0.5
697,348.5,0.2
698,349.0,-0.639
699,349.5,1.0026002807617187
700,350.0,-0.378
701,350.5,0.4
702,351.0,0.2
703,351.5,0.3
704,352.0,0.24030014038085926
705,352.5,0.12015007019042963
706,353.0,-0.046
707,353.5,0.08307503509521481
708,354.0,0.04153751754760741
709,354.5,0.020768758773803703
710,355.0,-0.0
711,355.5,0.010384379386901852
712,356.0,-0.0
713,356.5,0.005192189693450926
714,357.0,-0.0
715,357.5,-0.0
716,358.0,0.002596094846725463
717,358.5,0.0012980474233627315
718,359.0,-0.0
719,359.5,0.0006490237116813657
720,360.0,-0.0
721,360.5,-0.0
722,361.0,0.00032451185584068287
723,361.5,-0.0
724,362.0,-0.0
725,362.5,-0.0
726,363.0,0.00016225592792034143
727,363.5,8.112796396017072e-05
728,364.0,4.056398198008536e-05
729,364.5,-0.0
730,365.0,-0.0
731,365.5,-0.0
732,366.0,-0.0
733,366.5,2.028199099004268e-05
734,367.0,-0.0
735,367.5,1.014099549502134e-05
736,368.0,5.07049774751067e-06
737,368.5,2.535248873755335e-06
738,369.0,-0.0
739,369.5,1.2676244368776674e-06
740,370.0,0.0
741,370.5,-0.332
742,371.0,0.16600063381221844
743,371.5,-0.215
744,372.0,0.19050031690610922
745,372.5,-0.252
746,373.0,-0.048
747,373.5,-0.005
748,374.0,-0.0
749,374.5,-0.0
750,375.0,-0.0
751,375.5,0.24775015845305462
752,376.0,0.12387507922652731
753,376.5,0.061937539613263655
754,377.0,-0.0
755,377.5,0.030968769806631827
756,378.0,0.015484384903315914
757,378.5,-0.0
758,379.0,0.007742192451657957
759,379.5,-0.0
760,380.0,0.0038710962258289784
761,380.5,0.0019355481129144892
762,381.0,-0.0
763,381.5,0.0009677740564572446
764,382.0,0.0
765,382.5,-0.0
766,383.0,0.0004838870282286223
767,383.5,0.00024194351411431115
768,384.0,-0.0
769,384.5,-0.0
770,385.0,-0.0
771,385.5,0.00012097175705715558
772,386.0,6.048587852857779e-05
773,386.5,3.0242939264288894e-05
774,387.0,1.5121469632144447e-05
775,387.5,-0.0
776,388.0,7.5607348160722235e-06
777,388.5,3.7803674080361118e-06
778,389.0,-0.0
779,389.5,1.8901837040180559e-06
780,390.0,-0.0
781,390.5,9.450918520090279e-07
782,391.0,4.7254592600451397e-07
783,391.5,2.3627296300225698e-07
784,392.0,1.1813648150112849e-07
785,392.5,-0.956
786,393.0,-0.5
787,393.5,-1.3
788,394.0,-0.5
789,394.5,-0.1
790,395.0,1.2
791,395.5,-0.9
792,396.0,-1.5
793,396.5,0.1
794,397.0,0.9
795,397.5,0.7
796,398.0,-1.2
797,398.5,1.5
798,399.0,1.278000059068241
799,399.5,0.6390000295341205
800,400.0,-0.0
801,400.5,0.0
802,401.0,-0.258
803,401.5,0.2
804,402.0,0.3485000147670603
805,402.5,0.17425000738353014
806,403.0,0.08712500369176507
807,403.5,0.043562501845882534
808,404.0,-0.0
809,404.5,0.021781250922941267
810,405.0,-0.0
811,405.5,0.010890625461470634
812,406.0,-0.0
813,406.5,-0.0
814,407.0,0.005445312730735317
815,407.5,-0.0
816,408.0,0.0027226563653676584
817,408.5,-0.0
818,409.0,0.0013613281826838292
819,409.5,-0.0
820,410.0,0.0006806640913419146
821,410.5,-0.0
822,411.0,-0.0
823,411.5,-0.0
824,412.0,0.0003403320456709573
825,412.5,-0.0
826,413.0,-0.0
827,413.5,-0.0
828,414.0,-0.0
829,414.5,-0.059
830,415.0,-0.2
831,415.5,0.1296701660228355
832,416.0,-0.1
833,416.5,-0.0
834,417.0,0.11483508301141775
835,417.5,-0.0
836,418.0,0.05741754150570887
837,418.5,0.028708770752854437
838,419.0,-0.8
839,419.5,0.4
840,420.0,0.2143543853764272
841,420.5,0.1071771926882136
842,421.0,-0.9
843,421.5,-1.452
844,422.0,0.6
845,422.5,0.6
846,423.0,0.3
847,423.5,-0.926
848,424.0,0.9
849,424.5,-0.496
850,425.0,-0.257
851,425.5,0.8
852,426.0,0.4690885963441066
853,426.5,-0.0
854,427.0,0.2345442981720533
855,427.5,0.11727214908602665
856,428.0,0.058636074543013325
857,428.5,-0.0
858,429.0,0.029318037271506663
859,429.5,0.014659018635753331
860,430.0,0.007329509317876666
861,430.5,0.003664754658938333
862,431.0,0.0018323773294691664
863,431.5,-0.0
864,432.0,0.0009161886647345832
865,432.5,-0.0
866,433.0,-0.0
867,433.5,0.0004580943323672916
868,434.0,-0.0
869,434.5,-0.0
870,435.0,0.0002290471661836458
871,435.5,0.0001145235830918229
872,436.0,5.726179154591145e-05
873,436.5,2.8630895772955725e-05
874,437.0,-0.0
875,437.5,0.0
876,438.0,-0.0
877,438.5,1.4315447886477863e-05
878,439.0,-0.135
879,439.5,0.06750715772394324
880,440.0,-0.489
881,440.5,0.2782535788619716
882,441.0,0.1391267894309858
883,441.5,-0.304
884,442.0,0.0
885,442.5,-0.6
886,443.0,-0.4
887,443.5,0.0
888,444.0,-1.0
889,444.5,-0.1
890,445.0,1.271563394715493
891,445.5,0.6357816973577465
892,446.0,-1.038
893,446.5,0.3
894,447.0,-0.4
895,447.5,-0.6
896,448.0,-0.603
897,448.5,-0.381
898,449.0,0.6
899,449.5,-0.059
900,450.0,0.0
901,450.5,-0.0
902,451.0,-0.0
903,451.5,0.6
904,452.0,-0.0
905,452.5,-0.0
906,453.0,0.9
907,453.5,0.6583908486788734
908,454.0,0.3291954243394367
909,454.5,-0.0
910,455.0,0.16459771216971836
911,455.5,0.08229885608485918
912,456.0,-0.0
913,456.5,-0.0
914,457.0,-0.0
915,457.5,-0.0
916,458.0,0.04114942804242959
917,458.5,0.020574714021214795
918,459.0,-0.0
919,459.5,-0.0
920,460.0,-0.0
921,460.5,0.010287357010607397
922,461.0,0.005143678505303699
923,461.5,0.0025718392526518493
924,462.0,0.0012859196263259247
925,462.5,-0.076
926,463.0,0.03864295981316296
927,463.5,-0.491
928,464.0,-0.71
929,464.5,-0.902
930,465.0,0.4
931,465.5,0.7
932,466.0,-0.2
933,466.5,-0.7
934,467.0,-1.5
935,467.5,-1.5
936,468.0,-0.1
937,468.5,-1.5
938,469.0,-1.485
939,469.5,0.0
940,470.0,0.0
941,470.5,0.3
942,471.0,1.0
943,471.5,0.7
944,472.0,-0.659
945,472.5,1.1
946,473.0,-0.279
947,473.5,1.4
948,474.0,1.5
949,474.5,-0.0
950,475.0,1.2
951,475.5,0.2
952,476.0,-0.0
953,476.5,-0.0
954,477.0,-0.0
955,477.5,-0.0
956,478.0,0.1
957,478.5,-0.0
958,479.0,-0.0
959,479.5,0.1
960,480.0,-0.0
961,480.5,0.6689999999999994
962,481.0,-0.0
963,481.5,0.3344999999999997
964,482.0,0.16724999999999984
965,482.5,-0.0
966,483.0,-0.0
967,483.5,0.08362499999999992
968,484.0,-0.0
969,484.5,-0.0
970,485.0,-0.0
971,485.5,-0.0
972,486.0,0.04181249999999996
973,486.5,-0.088
974,487.0,-0.0
975,487.5,0.06490624999999997
976,488.0,0.032453124999999985
977,488.5,0.016226562499999993
978,489.0,0.008113281249999996
979,489.5,0.004056640624999998
980,490.0,-1.356
981,490.5,0.6800283203125
982,491.0,0.34001416015625
983,491.5,-0.0
984,492.0,0.170007080078125
985,492.5,0.0850035400390625
986,493.0,-1.3
987,493.5,0.0
988,494.0,-0.5
989,494.5,-1.191
990,495.0,-1.05
991,495.5,0.3
992,496.0,-0.662
993,496.5,0.6
994,497.0,-0.231
995,497.5,0.1
996,498.0,-0.0
997,498.5,-0.0
998,499.0,-0.0
999,499.5,1.5
1000,500.0,-0.0
1001,500.5,-0.0
1002,501.0,-0.0
1003,501.5,1.2595017700195315
1004,502.0,0.6297508850097657
1005,502.5,-0.0
1006,503.0,0.31487544250488286
1007,503.5,-0.0
1008,504.0,-0.0
1009,504.5,0.15743772125244143
1010,505.0,-0.0
1011,505.5,-0.0
1012,506.0,-0.0
1013,506.5,-0.0
1014,507.0,-0.0
1015,507.5,0.07871886062622072
1016,508.0,-0.0
1017,508.5,-0.0
1018,509.0,0.03935943031311036
1019,509.5,-0.0
1020,510.0,0.01967971515655518
1021,510.5,0.00983985757827759
1022,511.0,0.004919928789138795
1023,511.5,-0.114
1024,512.0,-0.178
1025,512.5,0.1484599643945694
1026,513.0,0.0742299821972847
1027,513.5,0.03711499109864235
1028,514.0,0.018557495549321176
1029,514.5,-0.0
1030,515.0,0.009278747774660588
1031,515.5,-0.1
1032,516.0,0.0546393738873303
1033,516.5,-0.7
1034,517.0,-1.0
1035,517.5,-0.933
1036,518.0,0.5
1037,518.5,-0.861
1038,519.0,0.7
1039,519.5,1.1743196869436652
1040,520.0,-0.698
1041,520.5,-0.473
1042,521.0,-0.2
1043,521.5,1.2726598434718326
1044,522.0,0.6363299217359163
1045,522.5,0.1
1046,523.0,-0.0
1047,523.5,-0.0
1048,524.0,0.26816496086795816
1049,524.5,0.13408248043397908
1050,525.0,0.06704124021698954
1051,525.5,-0.0
1052,526.0,-0.0
1053,526.5,0.03352062010849477
1054,527.0,-0.0
1055,527.5,-0.0
1056,528.0,0.016760310054247385
1057,528.5,-0.0
1058,529.0,0.008380155027123692
1059,529.5,0.004190077513561846
1060,530.0,0.002095038756780923
1061,530.5,0.0010475193783904616
1062,531.0,-0.0
1063,531.5,0.0005237596891952308
1064,532.0,-0.0
1065,532.5,0.0002618798445976154
1066,533.0,-0.0
1067,533.5,-0.0
1068,534.0,0.0001309399222988077
1069,534.5,-0.0
1070,535.0,-0.014
1071,535.5,0.007065469961149404
1072,536.0,-0.23
1073,536.5,0.1185327349805747
1074,537.0,-0.4
1075,537.5,0.25926636749028736
1076,538.0,-0.43
1077,538.5,0.3446331837451437
1078,539.0,-0.7
1079,539.5,0.2
1080,540.0,-0.873
1081,540.5,0.8588165918725719
1082,541.0,-0.3
1083,541.5,-0.8
1084,542.0,0.979408295936286
1085,542.5,0.489704147968143
1086,543.0,-0.442
1087,543.5,0.2
1088,544.0,-0.394
1089,544.5,-0.189
1090,545.0,-0.024
1091,545.5,0.6693520739840715
1092,546.0,0.3
1093,546.5,0.18467603699203575
1094,547.0,0.09233801849601787
1095,547.5,0.04616900924800894
1096,548.0,-0.0
1097,548.5,0.02308450462400447
1098,549.0,-0.0
1099,549.5,0.011542252312002234
1100,550.0,0.005771126156001117
1101,550.5,0.0028855630780005585
1102,551.0,-0.0
1103,551.5,0.0014427815390002793
1104,552.0,-0.0
1105,552.5,-0.0
1106,553.0,-0.0
1107,553.5,-0.0
1108,554.0,0.0007213907695001396
1109,554.5,-0.0
1110,555.0,-0.0
1111,555.5,-0.0
1112,556.0,0.0003606953847500698
1113,556.5,-0.0
1114,557.0,0.0001803476923750349
1115,557.5,-0.0
1116,558.0,-0.036
1117,558.5,-0.095
1118,559.0,-0.044
1119,559.5,-0.09
1120,560.0,-0.166
1121,560.5,0.2155901738461875
1122,561.0,0.10779508692309375
1123,561.5,-0.2
1124,562.0,-0.236
1125,562.5,0.2718975434615469
1126,563.0,-0.273
1127,563.5,0.2724487717307734
1128,564.0,0.1362243858653867
1129,564.5,0.06811219293269336
1130,565.0,-0.343
1131,565.5,0.2055560964663467
1132,566.0,-0.237
1133,566.5,0.22127804823317335
1134,567.0,0.11063902411658667
1135,567.5,0.05531951205829334
1136,568.0,-0.244
1137,568.5,0.14965975602914666
1138,569.0,-0.034
1139,569.5,-0.029
1140,570.0,-0.0
1141,570.5,-0.0
1142,571.0,-0.0
1143,571.5,0.10632987801457333
1144,572.0,-0.0
1145,572.5,0.053164939007286666
1146,573.0,0.026582469503643333
1147,573.5,-0.0
1148,574.0,0.013291234751821666
1149,574.5,-0.0
1150,575.0,0.006645617375910833
1151,575.5,0.0033228086879554166
1152,576.0,-0.0
1153,576.5,0.0016614043439777083
1154,577.0,-0.0
1155,577.5,-0.0
1156,578.0,0.0008307021719888542
1157,578.5,0.0004153510859944271
1158,579.0,0.00020767554299721354
1159,579.5,0.00010383777149860677
1160,580.0,5.1918885749303384e-05
1161,580.5,2.5959442874651692e-05
1162,581.0,1.2979721437325846e-05
1163,581.5,6.489860718662923e-06
1164,582.0,-0.21
1165,582.5,0.10500324493035933
1166,583.0,-0.0
1167,583.5,0.05250162246517966
1168,584.0,-0.4
1169,584.5,0.22625081123258983
1170,585.0,0.11312540561629492
1171,585.5,-0.9
1172,586.0,0.5065627028081474
1173,586.5,0.2532813514040737
1174,587.0,0.12664067570203685
1175,587.5,-0.3
1176,588.0,-1.5
1177,588.5,0.4
1178,589.0,0.6
1179,589.5,0.4633203378510185
1180,590.0,0.23166016892550925
1181,590.5,0.11583008446275463
1182,591.0,0.05791504223137731
1183,591.5,0.028957521115688657
1184,592.0,-0.0
1185,592.5,-0.4
1186,593.0,0.21447876055784434
1187,593.5,-0.179
1188,594.0,0.19673938027892218
1189,594.5,-0.0
1190,595.0,0.09836969013946109
1191,595.5,0.049184845069730546
1192,596.0,0.024592422534865273
1193,596.5,0.012296211267432636
1194,597.0,0.006148105633716318
1195,597.5,0.003074052816858159
1196,598.0,-0.0
1197,598.5,-0.0
1198,599.0,-0.0
1199,599.5,0.0015370264084290795
1200,600.0,-0.0
1201,600.5,0.0007685132042145398
1202,601.0,0.0
1203,601.5,0.0003842566021072699
1204,602.0,-0.0
1205,602.5,-0.0
1206,603.0,-0.0
1207,603.5,-0.0
1208,604.0,-0.0
1209,604.5,0.00019212830105363494
1210,605.0,-0.0
1211,605.5,9.606415052681747e-05
1212,606.0,4.8032075263408736e-05
1213,606.5,2.4016037631704368e-05
1214,607.0,1.2008018815852184e-05
1215,607.5,-0.816
1216,608.0,0.4080060040094079
1217,608.5,-0.2
1218,609.0,-1.294
1219,609.5,0.951003002004704
1220,610.0,-0.566
1221,610.5,0.7
1222,611.0,-1.37
1223,611.5,-0.2
1224,612.0,-0.669
1225,612.5,1.5
1226,613.0,0.778001501002352
1227,613.5,0.2
1228,614.0,0.2
1229,614.5,0.189000750501176
1230,615.0,-0.8
1231,615.5,-0.336
1232,616.0,0.6
1233,616.5,-0.332
1234,617.0,0.5
1235,617.5,-0.081
1236,618.0,-0.0
1237,618.5,0.319000375250588
1238,619.0,-0.0
1239,619.5,0.159500187625294
1240,620.0,-0.0
1241,620.5,0.079750093812647
1242,621.0,-0.0
1243,621.5,-0.0
1244,622.0,-0.0
1245,622.5,-0.0
1246,623.0,0.0398750469063235
1247,623.5,-0.0
1248,624.0,-0.0
1249,624.5,0.01993752345316175
1250,625.0,0.009968761726580875
1251,625.5,0.0049843808632904375
1252,626.0,0.0024921904316452187
1253,626.5,-0.0
1254,627.0,-0.0
1255,627.5,-0.0
1256,628.0,-0.0
1257,628.5,0.0012460952158226094
1258,629.0,0.0006230476079113047
1259,629.5,-0.043
1260,630.0,0.02181152380395565
1261,630.5,0.010905761901977826
1262,631.0,0.005452880950988913
1263,631.5,-0.6
1264,632.0,0.30272644047549446
1265,632.5,0.15136322023774723
1266,633.0,0.07568161011887362
1267,633.5,-1.1
1268,634.0,-0.0
1269,634.5,0.5878408050594368
1270,635.0,-1.5
1271,635.5,-0.209
1272,636.0,1.1
1273,636.5,-0.0
1274,637.0,0.1
1275,637.5,0.5484204025297184
1276,638.0,0.2742102012648592
1277,638.5,0.1371051006324296
1278,639.0,-1.036
1279,639.5,0.2
1280,640.0,0.4865525503162148
1281,640.5,-0.291
1282,641.0,-0.232
1283,641.5,0.5047762751581074
1284,642.0,0.2523881375790537
1285,642.5,0.12619406878952685
1286,643.0,-0.0
1287,643.5,-0.0
1288,644.0,0.06309703439476343
1289,644.5,-0.0
1290,645.0,0.03154851719738171
1291,645.5,-0.0
1292,646.0,-0.0
1293,646.5,0.015774258598690857
1294,647.0,0.007887129299345428
1295,647.5,0.003943564649672714
1296,648.0,0.001971782324836357
1297,648.5,-0.0
1298,649.0,0.0009858911624181785
1299,649.5,0.0004929455812090893
1300,650.0,-0.0
1301,650.5,0.00024647279060454464
1302,651.0,-0.0
1303,651.5,0.00012323639530227232
1304,652.0,6.161819765113616e-05
1305,652.5,-0.0
1306,653.0,3.080909882556808e-05
1307,653.5,1.540454941278404e-05
1308,654.0,7.70227470639202e-06
1309,654.5,3.85113735319601e-06
1310,655.0,1.925568676598005e-06
1311,655.5,9.627843382990025e-07
1312,656.0,-1.069
1313,656.5,0.5345004813921691
1314,657.0,0.26725024069608455
1315,657.5,-0.4
1316,658.0,0.33362512034804226
1317,658.5,-1.48
1318,659.0,0.3
1319,659.5,-0.6
1320,660.0,-0.6
1321,660.5,1.356812560174021
1322,661.0,0.6
1323,661.5,0.37840628008701055
1324,662.0,-0.347
1325,662.5,-0.0
1326,663.0,0.36270314004350523
1327,663.5,-0.228
1328,664.0,0.2953515700217526
1329,664.5,-0.324
1330,665.0,0.30967578501087634
1331,665.5,0.1
1332,666.0,-0.051
1333,666.5,0.13033789250543817
1334,667.0,-0.0
1335,667.5,0.06516894625271909
1336,668.0,0.032584473126359544
1337,668.5,0.016292236563179772
1338,669.0,0.008146118281589886
1339,669.5,0.004073059140794943
1340,670.0,0.0020365295703974715
1341,670.5,0.0010182647851987357
1342,671.0,-0.0
1343,671.5,0.0005091323925993679
