,predict,target
0,0.2754943,9.24
1,0.4790213,9.11
2,0.79370016,9.11
3,1.27898,9.14
4,2.0043592,9.14
5,3.0475638,9.06
6,4.478235,9.06
7,6.195088,9.05
8,7.678681,9.14
9,8.411807,9.11
10,8.528385,9.11
11,8.395081,9.18
12,8.225353,9.27
13,8.099931,9.27
14,8.044506,9.27
15,8.044423,9.05
16,8.047433,9.05
17,8.044415,9.14
18,8.042793,9.06
19,8.035713,6.8
20,8.004181,6.8
21,7.917813,6.42
22,7.825044,6.42
23,7.741954,6.32
24,7.6859155,6.32
25,7.6742444,6.46
26,7.7214165,6.46
27,7.834936,6.68
28,8.012225,6.68
29,8.238976,6.76
30,8.493257,6.83
31,8.750193,8.91
32,8.9857,9.01
33,9.181296,9.52
34,9.327643,9.66
35,9.423712,9.65
36,9.474148,9.65
37,9.486198,9.57
38,9.46731,9.55
39,9.423887,9.45
40,9.360999,9.45
41,9.281357,9.28
42,9.186375,9.19
43,9.076736,9.08
44,8.958315,9.08
45,8.837352,8.81
46,8.720508,8.51
47,8.617337,6.85
48,0.2754943,6.85
49,0.4790213,6.85
50,0.79370016,6.81
51,1.261034,6.74
52,1.9319911,6.76
53,2.8630366,6.72
54,4.1013527,6.72
55,5.6260095,6.7
56,7.1354837,6.69
57,8.136204,6.74
58,8.494125,6.8
59,8.470252,7.05
60,8.317706,7.48
61,8.131445,8.57
62,8.008442,8.91
63,7.9625125,7.22
64,7.9471006,7.22
65,7.932591,6.92
66,7.901269,6.84
67,7.8361135,9.09
68,7.776474,9.01
69,7.697161,6.74
70,7.624197,6.83
71,7.573567,6.74
72,7.5618505,6.74
73,7.6026382,6.67
74,7.7038045,6.67
75,7.86499,6.74
76,8.075661,6.74
77,8.316832,6.72
78,8.565636,6.74
79,8.799462,7.06
80,9.000123,7.36
81,9.156582,9.75
82,9.265371,12.0
83,9.328995,11.95
84,9.353334,12.74
85,9.345246,11.94
86,9.311124,11.43
87,9.256257,11.65
88,9.184366,11.95
89,9.0982485,9.52
90,8.999251,9.52
91,8.887882,9.2
92,8.770669,9.2
93,8.653014,9.01
94,8.540159,8.95
95,8.437734,7.02
96,0.2691053,6.88
97,0.4510849,6.87
98,0.7156082,6.87
99,1.1049576,6.87
100,1.672849,6.87
101,2.4802542,7.01
102,3.589904,7.01
103,5.0136824,7.01
104,6.542336,7.11
105,7.690157,8.8
106,8.181106,8.8
107,8.207267,10.97
108,8.044785,11.06
109,7.9012733,15.1
110,7.812139,15.1
111,7.7499123,10.31
112,7.7289777,12.06
113,7.7340336,9.66
114,7.741069,9.51
115,7.727139,9.17
116,7.6929393,9.17
117,7.632998,9.14
118,7.575532,9.14
119,7.5243382,6.98
120,7.5010743,6.98
121,7.520216,7.2
122,7.593587,7.2
123,7.726454,8.41
124,7.9142447,8.41
125,8.142121,8.98
126,8.389134,8.98
127,8.6320505,9.14
128,8.849901,9.2
129,9.027796,13.17
130,9.158669,13.17
131,9.242584,13.17
132,9.284307,13.17
133,9.290598,10.12
134,9.268216,9.88
135,9.22297,9.92
136,9.159515,10.18
137,9.081527,9.7
138,8.991508,9.37
139,8.890584,9.48
140,8.778743,9.31
141,8.660641,9.09
142,8.541877,9.04
143,8.4292,9.24
144,0.2691053,9.24
145,0.4510849,6.96
146,0.7156082,6.96
147,1.1049576,6.95
148,1.672849,6.95
149,2.502879,6.87
150,3.6838286,6.87
151,5.2214146,6.86
152,6.8301353,6.81
153,7.9172697,6.82
154,8.276617,6.82
155,8.210875,7.53
156,8.011034,8.79
157,7.8612328,9.13
158,7.776976,9.04
159,7.7307286,9.01
160,7.7243943,9.01
161,7.733266,6.99
162,7.735088,6.99
163,7.717548,6.52
164,7.679241,6.42
165,7.6258388,8.0
166,7.5691357,8.0
167,7.5235004,6.13
168,7.5058413,6.13
169,7.5307946,6.13
170,7.6099787,6.32
171,7.748226,6.32
172,7.940043,6.32
173,8.170051,6.38
174,8.416953,6.47
175,8.657668,6.9
176,8.871771,7.09
177,9.045124,9.52
178,9.171384,9.82
179,9.25106,10.07
180,9.289195,10.07
181,9.292579,9.96
182,9.267879,9.96
183,9.220785,9.81
184,9.15537,9.81
185,9.074689,9.47
186,8.980272,9.33
187,8.876402,9.14
188,8.764564,9.14
189,8.64911,8.81
190,8.535316,8.47
191,8.433447,6.83
192,0.2754943,6.83
193,0.46955645,6.84
194,0.7523652,6.84
195,1.1664401,6.77
196,1.7648337,6.77
197,2.607459,6.77
198,3.7533855,6.77
199,5.231791,6.79
200,6.831031,6.76
201,8.030494,6.96
202,8.532296,7.19
203,8.506861,9.33
204,8.290489,9.41
205,8.103785,9.59
206,7.9744983,9.62
207,7.915154,9.27
208,7.9078946,9.28
209,7.9109087,9.19
210,7.900018,9.13
211,7.865964,7.06
212,7.8096633,6.95
213,7.7381554,6.71
214,7.6648264,6.65
215,7.60456,4.48
216,7.574378,4.42
217,7.590612,5.99
218,7.664217,6.3
219,7.7995486,6.11
220,7.9890375,6.32
221,8.220237,6.52
222,8.471843,6.64
223,8.718026,7.08
224,8.937031,7.41
225,9.114199,9.2
226,9.243108,9.27
227,9.324443,9.35
228,9.363493,9.28
229,9.367248,9.17
230,9.342511,9.17
231,9.295068,9.05
232,9.229035,9.05
233,9.147504,8.88
234,9.052001,8.88
235,8.9430685,8.98
236,8.826931,8.98
237,8.709542,7.06
238,8.5976095,6.88
239,8.515276,6.56
240,0.29982764,6.56
241,0.55119777,6.55
242,0.9404215,6.48
243,1.5255543,6.44
244,2.3718739,6.44
245,3.6346393,6.4
246,5.4582667,6.4
247,7.668443,6.43
248,9.316596,6.43
249,9.668654,6.57
250,9.484634,6.57
251,9.270286,7.14
252,9.127316,7.46
253,9.03038,9.08
254,9.040793,9.08
255,9.210737,9.27
256,9.41862,9.34
257,9.641628,13.89
258,9.846014,13.7
259,10.000948,12.46
260,10.092505,12.46
261,10.111356,9.01
262,10.071567,9.01
263,9.8258705,6.48
264,9.485644,6.48
265,9.056246,6.47
266,8.64519,6.47
267,8.328063,6.41
268,8.157207,6.41
269,8.146638,6.54
270,8.270087,6.54
271,8.475947,6.79
272,8.705376,6.84
273,8.911447,9.06
274,9.058286,9.06
275,9.125648,9.06
276,9.107227,9.06
277,9.018238,8.76
278,8.6123905,8.76
279,8.214087,7.46
280,8.074906,7.46
281,8.144812,7.04
282,8.360613,6.79
283,8.651225,6.89
284,8.947745,6.87
285,9.174752,6.75
286,9.284814,6.75
287,9.289619,6.45
288,0.29084203,6.45
289,0.54933435,6.33
290,0.9963556,6.33
291,1.7287402,6.32
292,2.8505464,6.32
293,4.498899,6.34
294,6.6220417,6.34
295,8.439399,6.39
296,9.179426,6.39
297,9.205584,6.52
298,9.051755,6.56
299,8.947349,6.96
300,8.877258,7.2
301,8.817805,7.38
302,8.854279,7.38
303,8.951893,6.92
304,9.057261,6.95
305,9.163922,6.68
306,9.199357,6.6
307,9.187245,6.32
308,9.125578,6.32
309,9.022926,6.32
310,8.872296,6.32
311,8.706536,5.87
312,8.537285,5.32
313,8.402715,6.32
314,8.327289,6.32
315,8.332138,6.43
316,8.331942,6.43
317,8.222689,6.8
318,8.251426,6.8
319,8.401438,7.31
320,8.644641,7.31
321,8.935207,7.33
322,9.2260065,7.33
323,9.486562,7.33
324,9.698485,7.33
325,9.853613,6.95
326,9.951466,6.95
327,10.011241,6.92
328,10.042217,6.73
329,10.048063,6.64
330,10.029536,6.54
331,9.98096,6.65
332,9.899696,6.57
333,9.793619,6.53
334,9.674954,6.53
335,9.550007,6.6
336,0.2691053,6.51
337,0.4510849,6.42
338,0.7156082,6.42
339,1.1049576,6.41
340,1.672849,6.34
341,2.4802542,6.33
342,3.589904,6.33
343,5.0136824,6.33
344,6.542336,6.33
345,7.690157,6.38
346,8.181106,6.38
347,8.262725,6.57
348,8.182226,6.66
349,8.074983,6.74
350,7.977377,6.74
351,7.8956523,6.74
352,7.861411,6.74
353,7.8434854,6.65
354,7.826264,6.65
355,7.7961097,6.47
356,7.740138,6.39
357,7.6677647,5.45
358,7.5950165,4.78
359,7.5413647,4.51
360,7.520079,4.51
361,7.549528,4.57
362,7.6388283,4.57
363,7.7888384,4.67
364,7.9923954,4.81
365,8.231872,6.19
366,8.483835,6.26
367,8.72385,6.34
368,8.931547,6.41
369,9.094693,6.92
370,9.209506,7.16
371,9.278542,7.01
372,9.307792,7.01
373,9.3041725,6.93
374,9.274059,6.93
375,9.22275,6.87
376,9.154458,6.87
377,9.071409,6.72
378,8.974782,6.72
379,8.868863,6.64
380,8.755441,6.64
381,8.638898,6.44
382,8.523194,6.37
383,8.414058,6.38
384,0.2691053,6.29
385,0.4510849,6.32
386,0.7156082,6.19
387,1.1049576,6.3
388,1.672849,6.3
389,2.502879,6.31
390,3.6838286,6.31
391,5.257766,6.33
392,6.976786,6.33
393,8.19984,6.13
394,8.629461,6.3
395,8.581408,6.32
396,8.386725,6.32
397,8.203229,6.4
398,8.084663,6.47
399,8.135668,6.59
400,8.193997,6.67
401,8.27177,6.82
402,8.369022,6.82
403,8.47169,6.8
404,8.560348,6.74
405,8.613618,6.68
406,8.622179,6.68
407,8.5889435,6.57
408,8.518546,6.57
409,8.357702,6.57
410,8.208632,6.57
411,8.16107,6.5
412,8.174695,6.5
413,8.218978,6.5
414,8.114661,6.46
415,8.073295,6.34
416,8.136177,6.34
417,8.289889,6.56
418,8.507131,6.74
419,8.7637205,6.86
420,9.030023,6.8
421,9.276391,6.77
422,9.479231,6.77
423,9.624974,6.68
424,9.710189,6.48
425,9.738577,6.3
426,9.71699,6.3
427,9.661485,6.42
428,9.585749,6.42
429,9.496551,6.48
430,9.402263,6.48
431,9.284419,4.65
432,0.2754943,4.51
433,0.51351565,4.52
434,0.95170635,4.52
435,1.6410519,4.65
436,2.6444268,4.56
437,4.028778,4.73
438,5.73083,4.74
439,7.2907367,4.74
440,8.150628,4.77
441,8.361702,4.58
442,8.285179,5.0
443,8.15242,6.35
444,8.052592,6.63
445,7.9809866,6.79
446,7.9696302,6.79
447,7.958059,6.95
448,7.957387,7.33
449,7.9590216,7.44
450,7.955423,7.08
451,7.916622,6.74
452,7.8431697,6.74
453,7.759537,6.48
454,7.681408,6.48
455,7.6313825,4.5
456,7.6304727,4.5
457,7.6844964,4.55
458,7.801676,4.55
459,7.983499,4.51
460,8.214916,4.65
461,8.469981,5.32
462,8.723539,5.8
463,8.952334,6.83
464,9.140181,6.83
465,9.279412,9.05
466,9.369943,9.14
467,9.416606,9.16
468,9.426339,9.05
469,9.406143,8.08
470,9.362065,7.71
471,9.298954,7.47
472,9.220643,6.88
473,9.130205,6.76
474,9.029719,6.7
475,8.919993,6.78
476,8.800791,6.78
477,8.677233,6.68
478,8.554283,6.6
479,8.438407,6.45
480,0.2691053,6.38
481,0.4510849,6.31
482,0.7156082,6.31
483,1.1049576,6.36
484,1.672849,6.44
485,2.502879,6.41
486,3.6838286,6.33
487,5.3903165,6.41
488,7.556557,6.34
489,9.176514,6.44
490,9.644873,6.48
491,9.459304,6.83
492,9.204666,7.06
493,9.055604,8.93
494,8.931204,8.98
495,8.920286,8.94
496,8.9804945,8.94
497,9.057257,7.24
498,9.110438,6.98
499,9.120373,6.5
500,9.076294,6.43
501,8.9485655,6.15
502,8.782956,6.15
503,8.585962,4.74
504,8.416298,4.74
505,8.258816,4.81
506,8.177469,4.92
507,8.1705265,5.32
508,8.238191,5.32
509,8.288806,6.39
510,8.174612,6.45
511,8.211012,6.94
512,8.372077,7.82
513,8.622814,9.45
514,8.922733,9.45
515,9.230064,9.89
516,9.50894,9.89
517,9.735301,9.65
518,9.898979,9.65
519,10.001415,9.48
520,10.050894,9.41
521,10.056208,9.3
522,10.02433,9.08
523,9.9596405,9.14
524,9.865371,9.01
525,9.749434,7.76
526,9.621611,7.36
527,9.489348,6.85
528,0.2754943,6.85
529,0.4611019,6.74
530,0.716515,6.74
531,1.070476,6.78
532,1.5610508,6.77
533,2.2743833,6.75
534,3.3039422,6.74
535,4.7300296,6.72
536,6.4534225,6.72
537,7.934191,6.79
538,8.631092,6.93
539,8.647871,8.91
540,8.410366,9.09
541,8.19018,9.28
542,8.039952,9.28
543,7.951496,9.09
544,7.922186,9.01
545,7.9085526,7.36
546,7.885948,7.06
547,7.8443527,6.53
548,7.783521,6.46
549,7.7125,6.26
550,7.639218,6.26
551,7.578694,4.76
552,7.5573444,4.77
553,7.578614,6.26
554,7.6578646,6.26
555,7.798839,6.42
556,7.9944987,6.42
557,8.228406,6.82
558,8.478333,6.87
559,8.720513,9.05
560,8.934529,9.1
561,9.106473,9.47
562,9.230624,9.66
563,9.308071,9.62
564,9.344012,9.62
565,9.3453245,9.39
566,9.318716,9.38
567,9.2698555,9.2
568,9.203267,9.05
569,9.122522,8.98
570,9.03005,8.95
571,8.926917,8.97
572,8.813054,8.97
573,8.6931505,7.22
574,8.572657,7.14
575,8.459906,6.69
576,0.2754943,6.68
577,0.4790213,6.68
578,0.79370016,6.68
579,1.27898,6.68
580,2.0043592,6.68
581,3.0228293,6.68
582,4.3728566,6.68
583,5.9326825,6.68
584,7.2689824,6.66
585,8.031607,6.68
586,8.2806835,6.74
587,8.268925,8.8
588,8.170856,8.95
589,8.073531,9.09
590,8.01108,9.07
591,7.9733567,9.06
592,7.966785,9.27
593,7.9664574,9.22
594,7.966637,9.15
595,7.938997,8.94
596,7.8732395,8.59
597,7.7974267,8.94
598,7.7162437,8.86
599,7.644093,6.72
600,7.612192,6.72
601,7.6232605,6.93
602,7.6939607,7.13
603,7.8288584,7.22
604,8.023194,6.97
605,8.260873,7.41
606,8.518151,7.41
607,8.768629,8.94
608,8.989375,8.94
609,9.165625,9.13
610,9.291898,9.13
611,9.370044,9.13
612,9.406055,9.15
613,9.407224,9.05
614,9.380372,9.04
615,9.331168,8.98
616,9.263604,8.98
617,9.180677,8.74
618,9.083857,7.43
619,8.97365,7.83
620,8.856265,7.83
621,8.739875,7.08
622,8.644224,7.08
623,8.577683,6.92
624,0.2754943,6.92
625,0.46955645,6.92
626,0.7523652,6.92
627,1.1664401,6.74
628,1.7648337,6.74
629,2.607459,6.74
630,3.7533855,6.74
631,5.196032,6.74
632,6.6900363,6.74
633,7.754521,6.83
634,8.178754,6.92
635,8.234079,8.94
636,8.151702,9.01
637,8.051737,9.07
638,7.9723587,9.06
639,7.9029756,7.09
640,7.8780026,7.09
641,7.8731413,6.7
642,7.862287,6.64
643,7.8328648,6.91
644,7.7826514,6.31
645,7.71738,6.0
646,7.6477413,5.99
647,7.588586,4.44
648,7.556259,4.44
649,7.5668626,4.74
650,7.633079,5.0
651,7.7605224,6.17
652,7.944988,6.17
653,8.1720705,6.3
654,8.420635,6.4
655,8.666904,6.64
656,8.889198,6.7
657,9.071811,8.97
658,9.206966,9.14
659,9.294341,9.13
660,9.338605,9.13
661,9.346591,9.06
662,9.32525,9.06
663,9.280557,9.0
664,9.217281,8.98
665,9.137995,8.73
666,9.04407,7.96
667,8.939979,8.82
668,8.8272915,8.22
669,8.710365,8.42
670,8.594451,7.46
671,8.489671,7.01
672,0.2754943,6.91
673,0.51351565,6.88
674,0.95170635,6.85
675,1.6410519,6.75
676,2.6444268,6.73
677,4.1158805,6.69
678,6.1309032,6.69
679,8.233142,6.69
680,9.448046,6.69
681,9.704128,6.69
682,9.592892,6.71
683,9.480423,6.9
684,9.357315,6.92
685,9.258829,6.92
686,9.31343,6.92
687,9.464857,9.0
688,9.643838,9.0
689,9.729466,8.95
690,9.762445,8.67
691,9.76005,7.42
692,9.677455,6.84
693,9.517043,6.76
694,9.318128,6.58
695,9.096787,5.95
696,8.85324,5.24
697,8.646291,5.74
698,8.526177,5.74
699,8.4754305,4.74
700,8.456839,5.74
701,8.46793,5.95
702,8.501222,6.0
703,8.542651,6.01
704,8.606262,6.31
705,8.307812,6.8
706,8.198344,6.86
707,8.27941,7.21
708,8.485208,7.21
709,8.755173,7.17
710,9.034759,6.93
711,9.295333,6.85
712,9.518791,6.85
713,9.695066,6.7
714,9.820716,6.7
715,9.896292,6.6
716,9.923325,6.6
717,9.903822,6.43
718,9.841466,6.43
719,9.745062,6.18
720,0.2754943,5.57
721,0.4790213,6.01
722,0.79370016,6.01
723,1.27898,5.9
724,2.0043592,5.57
725,3.0475638,5.32
726,4.478235,5.32
727,6.195088,5.32
728,7.678681,5.32
729,8.355643,5.32
730,8.389239,5.57
731,8.176743,5.34
732,7.942137,6.2
733,7.763906,6.17
734,7.6737475,6.24
735,7.6375036,7.04
736,7.621549,7.42
737,7.603027,4.38
738,7.5719414,4.38
739,7.5280046,4.64
740,7.4795156,4.38
741,7.436118,4.31
742,7.411224,4.31
743,7.4183207,4.31
744,7.468816,4.29
745,7.570003,4.29
746,7.7230654,4.31
747,7.920537,4.38
748,8.147099,4.38
749,8.382986,4.29
750,8.608094,4.38
751,8.805543,6.01
752,8.964135,6.17
753,9.079125,6.83
754,9.151276,6.88
755,9.184907,8.91
756,9.185877,8.91
757,9.160106,8.98
758,9.112791,8.98
759,9.048217,8.83
760,8.96984,8.83
761,8.879392,7.61
762,8.777732,7.24
763,8.66639,6.82
764,8.551323,6.75
765,8.437625,6.6
766,8.330749,6.52
767,8.239566,6.31
768,0.2754943,6.19
769,0.4790213,6.22
770,0.79370016,6.22
771,1.27898,6.19
772,2.0043592,6.19
773,3.0228293,6.2
774,4.3728566,6.2
775,5.9326825,6.22
776,7.2689824,6.22
777,7.9755096,6.36
778,8.1330185,6.36
779,8.032252,6.47
780,7.8664374,6.56
781,7.7202096,6.49
782,7.6220913,6.57
783,7.568645,6.34
784,7.545083,6.34
785,7.5283732,6.3
786,7.5044513,6.2
787,7.470426,9.11
788,7.430253,8.98
789,7.393781,6.26
790,7.372071,6.26
791,7.379987,6.17
792,7.4286547,6.17
793,7.5263596,6.17
794,7.675104,6.17
795,7.8688927,6.17
796,8.093337,6.17
797,8.328842,6.23
798,8.555086,6.23
799,8.754697,7.24
800,8.915973,8.76
801,9.033751,7.48
802,9.10854,8.82
803,9.144563,9.16
804,9.147671,9.16
805,9.123804,9.07
806,9.078202,9.07
807,9.015176,9.03
808,8.93777,9.03
809,8.848333,8.98
810,8.747973,8.81
811,8.64047,7.03
812,8.528304,6.88
813,8.415021,6.74
814,8.304527,6.68
815,8.20308,6.67
816,0.2691053,6.56
817,0.4510849,6.45
818,0.7156082,6.45
819,1.1209486,6.36
820,1.7394584,6.36
821,2.6519527,6.36
822,3.945353,6.45
823,5.6218767,6.49
824,7.308009,6.49
825,8.282525,6.71
826,8.467462,6.73
827,8.283401,8.84
828,8.027902,8.97
829,7.865322,8.98
830,7.783531,8.98
831,7.7351017,7.65
832,7.7351513,8.6
833,7.729684,7.85
834,7.7127185,7.49
835,7.6837063,7.03
836,7.624998,7.03
837,7.5649314,7.27
838,7.5137076,7.27
839,7.486103,6.93
840,7.4969754,6.93
841,7.5619593,7.1
842,7.6857324,7.1
843,7.8655915,6.9
844,8.089065,6.9
845,8.335246,7.17
846,8.580055,7.17
847,8.801627,7.81
848,8.984217,8.93
849,9.120289,9.02
850,9.209694,9.08
851,9.256986,9.11
852,9.268644,9.04
853,9.251202,8.99
854,9.210336,8.99
855,9.150668,8.91
856,9.075445,8.61
857,8.977174,7.24
858,8.865913,7.24
859,8.752023,7.05
860,8.644918,7.05
861,8.549492,7.63
862,8.468876,7.63
863,8.407589,6.66
864,0.2754943,6.55
865,0.4790213,6.52
866,0.79370016,6.52
867,1.3391211,6.45
868,2.2473664,6.36
869,3.6788056,6.42
870,5.8221207,6.42
871,8.29246,6.39
872,9.723602,6.39
873,9.772907,6.51
874,9.483385,6.58
875,9.269124,7.16
876,9.110357,7.52
877,9.046749,9.09
878,9.083675,9.09
879,9.165891,9.34
880,9.250015,9.34
881,9.300579,9.5
882,9.311382,9.48
883,9.267084,9.39
884,9.171356,9.36
885,9.036799,9.17
886,8.876821,9.15
887,8.819905,7.2
888,8.780884,7.2
889,8.721381,7.08
890,8.636275,7.08
891,8.539622,6.8
892,8.467926,6.8
893,8.457856,7.08
894,8.341761,7.08
895,8.259102,8.74
896,8.290597,8.74
897,8.424958,9.21
898,8.641926,9.21
899,8.919294,9.49
900,9.225594,9.49
901,9.522155,9.3
902,9.779517,9.23
903,9.980488,9.13
904,10.119246,9.13
905,10.198818,8.99
906,10.22553,8.99
907,10.205388,9.01
908,10.143805,9.01
909,10.04597,7.62
910,9.927197,7.62
911,9.79627,6.75
912,0.2754943,6.68
913,0.4790213,6.68
914,0.79370016,6.59
915,1.27898,6.52
916,2.0043592,6.52
917,3.0475638,6.46
918,4.478235,6.46
919,6.195088,6.53
920,7.678681,6.54
921,8.355643,6.69
922,8.389239,6.77
923,8.176743,8.99
924,7.942137,9.05
925,7.763906,9.13
926,7.6752625,9.13
927,7.639174,9.04
928,7.6251936,9.04
929,7.607282,9.03
930,7.5783343,8.98
931,7.5358114,7.09
932,7.488669,7.09
933,7.433868,6.73
934,7.420524,6.73
935,7.4220524,6.34
936,7.4755445,6.34
937,7.583907,6.56
938,7.732538,6.56
939,7.9312735,6.67
940,8.163072,6.67
941,8.40306,6.86
942,8.631291,6.86
943,8.828269,8.84
944,8.983642,8.98
945,9.094309,9.35
946,9.162127,9.54
947,9.191965,9.54
948,9.189889,9.54
949,9.1617565,9.46
950,9.11261,9.46
951,9.04659,9.34
952,8.966613,9.23
953,8.874939,9.2
954,8.772612,9.2
955,8.661171,9.18
956,8.546276,9.18
957,8.433528,9.08
958,8.330164,9.0
959,8.243048,7.49
960,0.2691053,7.49
961,0.45998126,7.19
962,0.7547426,7.19
963,1.212649,6.98
964,1.9043821,6.95
965,2.9083314,6.89
966,4.301837,6.9
967,6.019904,6.98
968,7.5784483,6.98
969,8.342956,7.22
970,8.415356,7.58
971,8.207944,9.24
972,7.965966,9.34
973,7.8273063,9.24
974,7.7623024,9.19
975,7.730714,8.95
976,7.7305727,8.98
977,7.729765,7.78
978,7.7146797,7.49
979,7.679785,6.74
980,7.6291637,6.74
981,7.572728,6.6
982,7.522593,6.6
983,7.4935465,6.17
984,7.5000067,6.17
985,7.554707,6.59
986,7.6647706,6.59
987,7.8300486,6.77
988,8.040801,6.85
989,8.278781,8.87
990,8.521854,8.95
991,8.748983,9.07
992,8.943084,9.07
993,9.09379,9.42
994,9.19796,9.49
995,9.258187,9.83
996,9.280243,9.56
997,9.2708,9.41
998,9.236017,9.35
999,9.181005,9.21
1000,9.1093645,9.21
1001,9.023819,9.1
1002,8.925695,9.03
1003,8.815677,9.09
1004,8.700211,9.09
1005,8.585029,8.99
1006,8.47698,8.99
1007,8.386267,9.07
1008,0.2754943,9.07
1009,0.4790213,8.34
1010,0.79370016,7.61
1011,1.27898,7.49
1012,2.0043592,7.42
1013,3.125066,7.34
1014,4.817818,7.34
1015,7.098706,7.34
1016,9.135938,7.34
1017,9.758633,7.34
1018,9.616348,7.61
1019,9.369909,7.6
1020,9.218538,8.9
1021,9.0867405,8.88
1022,9.081059,8.84
1023,9.155795,8.98
1024,9.247666,8.99
1025,9.329977,7.06
1026,9.369443,7.16
1027,9.369019,6.97
1028,9.2526455,6.55
1029,9.07968,6.39
1030,8.886362,6.39
1031,8.675488,6.07
1032,8.5288925,6.07
1033,8.412184,6.13
1034,8.320527,6.13
1035,8.282274,6.19
1036,8.315432,6.19
1037,8.406492,6.48
1038,8.244859,6.75
1039,8.252753,7.01
1040,8.4008045,7.01
1041,8.649342,9.09
1042,8.953893,9.09
1043,9.26942,9.11
1044,9.55763,9.11
1045,9.792862,9.09
1046,9.964059,9.09
1047,10.072355,9.09
1048,10.125447,9.09
1049,10.115309,8.9
1050,10.043818,7.86
1051,9.935346,7.34
1052,9.808433,7.34
1053,9.676313,6.85
1054,9.553945,6.85
1055,9.459425,6.42
1056,0.29982764,6.42
1057,0.59218293,6.36
1058,1.1212397,6.36
1059,1.9995061,6.33
1060,3.3602445,6.33
1061,5.28547,6.31
1062,7.3531833,6.31
1063,8.520902,6.36
1064,8.686288,6.36
1065,8.471616,6.3
1066,8.235363,6.41
1067,8.046865,6.42
1068,7.960225,6.51
1069,7.9505157,6.43
1070,7.9525847,6.43
1071,7.969444,6.15
1072,7.987927,6.15
1073,7.969269,6.15
1074,7.908913,6.09
1075,7.831338,6.15
1076,7.7475696,6.01
1077,7.6722665,5.82
1078,7.619644,5.82
1079,7.6029506,5.82
1080,7.6380606,5.82
1081,7.730284,5.82
1082,7.8814764,5.82
1083,8.0839615,6.15
1084,8.320163,6.1
1085,8.567846,6.15
1086,8.804972,6.19
1087,9.0126095,6.21
1088,9.178643,6.4
1089,9.298155,6.85
1090,9.372235,6.98
1091,9.40582,9.07
1092,9.405381,9.07
1093,9.377313,9.09
1094,9.32711,9.09
1095,9.259223,9.02
1096,9.176726,9.0
1097,9.081964,8.9
1098,8.975976,8.9
1099,8.859924,6.92
1100,8.739499,6.92
1101,8.620056,6.65
1102,8.508421,6.65
1103,8.414848,6.38
1104,0.2754943,6.26
1105,0.4790213,6.3
1106,0.79370016,6.3
1107,1.27898,6.27
1108,2.0043592,6.27
1109,3.125066,6.26
1110,4.817818,6.26
1111,7.098706,6.41
1112,9.135938,6.41
1113,9.938251,6.5
1114,9.919213,6.5
1115,9.73425,6.94
1116,9.608355,7.17
1117,9.483779,9.03
1118,9.517728,9.03
1119,9.68189,9.26
1120,9.913648,9.35
1121,10.160361,9.87
1122,10.381494,9.87
1123,10.525626,9.9
1124,10.5935755,9.87
1125,10.5639,9.83
1126,10.434884,9.83
1127,10.210372,9.34
1128,9.922219,9.34
1129,9.608517,9.49
1130,9.316924,9.49
1131,9.077941,9.56
1132,8.929935,9.56
1133,8.917123,9.43
1134,9.067825,9.45
1135,9.367009,9.53
1136,9.74466,9.53
1137,10.098329,10.16
1138,10.340236,9.83
1139,10.428266,9.96
1140,10.371272,9.96
1141,10.169286,9.49
1142,9.905643,9.49
1143,9.643033,9.23
1144,9.417612,9.23
1145,9.2366905,9.15
1146,9.09059,9.05
1147,8.967777,9.02
1148,8.643439,9.02
1149,8.275173,7.26
1150,8.121145,7.26
1151,8.111412,6.63
1152,0.2754943,6.62
1153,0.4790213,6.6
1154,0.79370016,6.6
1155,1.261034,6.53
1156,1.9319911,6.53
1157,2.8630366,6.52
1158,4.1013527,6.52
1159,5.587805,6.57
1160,6.99174,6.57
1161,7.8673472,6.67
1162,8.152335,6.76
1163,8.10214,8.99
1164,7.940205,9.06
1165,7.826605,9.02
1166,7.7603927,9.02
1167,7.700114,7.66
1168,7.6728873,7.66
1169,7.6597023,6.69
1170,7.642047,6.69
1171,7.612846,6.45
1172,7.569601,6.45
1173,7.520555,6.44
1174,7.476216,6.41
1175,7.4503407,6.09
1176,7.4580846,6.09
1177,7.511666,6.23
1178,7.6191144,6.23
1179,7.780767,6.24
1180,7.9874473,6.24
1181,8.221819,6.49
1182,8.462806,6.49
1183,8.689328,6.8
1184,8.8842125,6.8
1185,9.036771,9.11
1186,9.143597,9.11
1187,9.206887,9.32
1188,9.231971,9.32
1189,9.2253,9.15
1190,9.192979,9.15
1191,9.140145,9.1
1192,9.0704565,9.03
1193,8.986693,8.98
1194,8.890228,8.85
1195,8.781731,7.89
1196,8.667748,7.89
1197,8.554106,7.32
1198,8.447713,7.32
1199,8.358825,6.78
1200,0.2754943,6.7
1201,0.4790213,6.69
1202,0.79370016,6.62
1203,1.3391211,6.62
1204,2.2473664,6.59
1205,3.5975823,6.54
1206,5.4314537,6.54
1207,7.2979045,6.62
1208,8.350426,6.62
1209,8.550132,6.74
1210,8.402869,6.69
1211,8.212003,7.4
1212,8.077856,8.61
1213,8.014401,9.14
1214,8.016777,9.14
1215,8.022318,9.45
1216,8.04974,9.83
1217,8.083461,13.0
1218,8.11054,12.0
1219,8.1663885,12.0
1220,8.204629,11.47
1221,8.2219515,12.0
1222,8.220523,12.0
1223,8.199479,9.6
1224,8.167775,9.6
1225,8.140293,12.51
1226,8.057901,12.51
1227,7.9699564,12.49
1228,7.909199,12.49
1229,7.8901186,11.66
1230,7.9468775,12.0
1231,8.0774145,12.57
1232,8.276572,12.57
1233,8.527712,13.0
1234,8.804814,13.06
1235,9.078063,13.0
1236,9.320659,13.0
1237,9.514495,10.1
1238,9.6523075,9.77
1239,9.723295,9.56
1240,9.729722,9.59
1241,9.700289,9.42
1242,9.65334,9.38
1243,9.579236,9.26
1244,9.484359,9.26
1245,9.379278,8.99
1246,9.28205,8.82
1247,9.21735,9.05
1248,0.29982764,9.02
1249,0.59218293,7.84
1250,1.1212397,7.4
1251,1.9995061,7.32
1252,3.3602445,7.32
1253,5.28547,7.32
1254,7.3531833,7.32
1255,8.520902,7.32
1256,8.686288,7.32
1257,8.471616,8.82
1258,8.235363,7.54
1259,8.086336,9.03
1260,8.036093,9.1
1261,8.041547,9.1
1262,8.067077,9.03
1263,8.1058655,7.07
1264,8.15645,7.71
1265,8.186949,6.89
1266,8.203896,6.82
1267,8.192647,6.6
1268,8.176442,6.55
1269,8.108695,6.51
1270,7.9920545,6.49
1271,7.890447,6.18
1272,7.815183,6.18
1273,7.782581,6.44
1274,7.8190184,6.44
1275,7.930485,6.48
1276,8.102954,6.48
1277,8.330074,6.6
1278,8.5893955,6.6
1279,8.853435,6.95
1280,9.096993,6.95
1281,9.301231,9.18
1282,9.455933,9.25
1283,9.559241,9.43
1284,9.615344,9.49
1285,9.631398,9.36
1286,9.615014,9.26
1287,9.57287,9.21
1288,9.510317,9.21
1289,9.430228,9.12
1290,9.334096,9.12
1291,9.222601,9.11
1292,9.101201,9.11
1293,8.976162,8.96
1294,8.853946,8.96
1295,8.743761,9.11
1296,0.2754943,9.02
1297,0.46955645,8.82
1298,0.7523652,8.82
1299,1.1664401,7.68
1300,1.7648337,8.82
1301,2.630361,8.82
1302,3.8489304,8.82
1303,5.4051294,8.82
1304,6.971043,9.02
1305,7.969095,9.06
1306,8.26741,9.06
1307,8.235123,9.12
1308,8.118019,9.12
1309,8.017965,9.12
1310,7.940757,9.07
1311,7.879179,7.09
1312,7.858541,7.09
1313,7.85116,6.62
1314,7.8359017,6.62
1315,7.8032484,6.45
1316,7.7515793,6.45
1317,7.6873093,6.24
1318,7.621256,6.24
1319,7.5681324,4.15
1320,7.5433335,4.15
1321,7.5619707,6.04
1322,7.6354146,6.04
1323,7.768358,6.18
1324,7.955643,6.27
1325,8.182762,6.42
1326,8.429152,6.5
1327,8.671855,6.68
1328,8.890011,6.76
1329,9.068663,8.82
1330,9.20055,8.99
1331,9.285468,9.19
1332,9.327976,9.27
1333,9.334725,9.16
1334,9.312501,9.16
1335,9.267165,9.29
1336,9.202939,9.13
1337,9.122989,9.02
1338,9.028907,8.97
1339,8.921276,9.02
1340,8.806308,8.99
1341,8.690049,7.85
1342,8.579268,7.85
1343,8.498253,9.35
1344,0.29982764,9.35
1345,0.59218293,9.11
1346,1.1212397,9.11
1347,1.9283394,9.11
1348,3.0772688,9.11
1349,4.6080165,9.13
1350,6.3193383,9.13
1351,7.631253,9.11
1352,8.199075,9.11
1353,8.494078,9.1
1354,8.749214,9.23
1355,8.973283,9.32
1356,9.1502,9.1
1357,9.169683,9.1
1358,9.20516,9.1
1359,9.336527,8.99
1360,9.531955,8.99
1361,9.730797,8.85
1362,9.894905,7.54
1363,10.014752,7.2
1364,10.063008,6.92
1365,9.905223,6.85
1366,9.676314,6.85
1367,9.370866,6.85
1368,9.030487,6.85
1369,8.720876,6.87
1370,8.478047,6.87
1371,8.337613,7.01
1372,8.304881,7.01
1373,8.360166,7.1
1374,8.471665,7.1
1375,8.602956,9.02
1376,8.718141,9.07
1377,8.790766,9.23
1378,8.809384,9.23
1379,8.756055,9.4
1380,8.30306,9.4
1381,8.111954,9.29
1382,8.126168,9.42
1383,8.281185,9.3
1384,8.508361,9.3
1385,8.75993,9.04
1386,9.005119,9.1
1387,9.217525,8.97
1388,9.378114,8.97
1389,9.4756365,7.62
1390,9.507608,7.21
1391,9.4794235,6.67
1392,0.29982764,6.67
1393,0.55119777,6.64
1394,0.9404215,6.59
1395,1.5895544,6.59
1396,2.6259134,6.59
1397,4.1343074,6.56
1398,6.0539923,6.56
1399,7.896934,6.53
1400,8.985167,6.55
1401,9.177156,6.56
1402,9.040008,6.59
1403,8.876827,6.59
1404,8.78163,6.59
1405,8.747985,6.59
1406,8.826676,6.65
1407,9.003539,6.95
1408,9.23776,6.95
1409,9.483152,7.18
1410,9.703637,7.18
1411,9.873482,7.03
1412,9.964743,7.03
1413,9.975425,6.85
1414,9.889762,6.78
1415,9.736831,6.59
1416,9.515789,6.59
1417,9.260705,6.59
1418,8.998372,6.59
1419,8.776918,6.5
1420,8.62249,6.5
1421,8.546169,6.5
1422,8.542415,6.59
1423,8.58788,6.74
1424,8.655285,6.66
1425,8.718491,9.07
1426,8.75639,9.07
1427,8.762876,9.18
1428,8.643168,9.18
1429,8.284341,9.19
1430,8.163427,9.15
1431,8.235669,9.13
1432,8.445965,9.13
1433,8.733708,9.02
1434,9.039728,8.96
1435,9.31335,7.12
1436,9.520008,7.12
1437,9.644724,6.75
1438,9.688732,6.75
1439,9.661934,6.69
